{
  "Ansi 6 Color" : {
    "Red Component" : 0.47058823529999999,
    "Color Space" : "sRGB",
    "Blue Component" : 0.90980392160000001,
    "Alpha Component" : 1,
    "Green Component" : 0.86274509799999999
  },
  "Tags" : [

  ],
  "Ansi 12 Color" : {
    "Red Component" : 0.98823529409999999,
    "Color Space" : "sRGB",
    "Blue Component" : 0.4039215686,
    "Alpha Component" : 1,
    "Green Component" : 0.59607843140000005
  },
  "Ansi 7 Color" : {
    "Red Component" : 0.98823529409999999,
    "Color Space" : "sRGB",
    "Blue Component" : 0.98039215690000003,
    "Alpha Component" : 1,
    "Green Component" : 0.98823529409999999
  },
  "Ansi 8 Color" : {
    "Red Component" : 0.44705882349999998,
    "Color Space" : "sRGB",
    "Blue Component" : 0.44705882349999998,
    "Alpha Component" : 1,
    "Green Component" : 0.43921568630000002
  },
  "Bold Color" : {
    "Red Component" : 0.47058823529999999,
    "Color Space" : "sRGB",
    "Blue Component" : 0.90980392160000001,
    "Alpha Component" : 1,
    "Green Component" : 0.86274509799999999
  },
  "Ansi 9 Color" : {
    "Red Component" : 1,
    "Color Space" : "sRGB",
    "Blue Component" : 0.53333333329999999,
    "Alpha Component" : 1,
    "Green Component" : 0.3803921569
  },
  "Link Color" : {
    "Red Component" : 0.14513972401618958,
    "Color Space" : "P3",
    "Blue Component" : 0.7093239426612854,
    "Alpha Component" : 1,
    "Green Component" : 0.35333043336868286
  },
  "Ansi 1 Color" : {
    "Red Component" : 1,
    "Color Space" : "sRGB",
    "Blue Component" : 0.53333333329999999,
    "Alpha Component" : 1,
    "Green Component" : 0.3803921569
  },
  "Rows" : 30,
  "Default Bookmark" : "No",
  "Cursor Guide Color" : {
    "Red Component" : 0.74862593412399292,
    "Color Space" : "P3",
    "Blue Component" : 0.99125725030899048,
    "Alpha Component" : 0.25,
    "Green Component" : 0.92047786712646484
  },
  "Non-ASCII Anti Aliased" : true,
  "Use Bright Bold" : true,
  "Ansi 10 Color" : {
    "Red Component" : 0.66274509800000003,
    "Color Space" : "sRGB",
    "Blue Component" : 0.46274509800000002,
    "Alpha Component" : 1,
    "Green Component" : 0.86274509799999999
  },
  "Ambiguous Double Width" : false,
  "Jobs to Ignore" : [
    "rlogin",
    "ssh",
    "slogin",
    "telnet"
  ],
  "Ansi 15 Color" : {
    "Red Component" : 0.98823529409999999,
    "Color Space" : "sRGB",
    "Blue Component" : 0.98039215690000003,
    "Alpha Component" : 1,
    "Green Component" : 0.98823529409999999
  },
  "Foreground Color" : {
    "Red Component" : 0.98823529409999999,
    "Color Space" : "sRGB",
    "Blue Component" : 0.98039215690000003,
    "Alpha Component" : 1,
    "Green Component" : 0.98823529409999999
  },
  "Working Directory" : "\/Users\/karambir",
  "Blinking Cursor" : false,
  "Disable Window Resizing" : true,
  "Sync Title" : false,
  "Prompt Before Closing 2" : false,
  "BM Growl" : true,
  "Command" : "",
  "Description" : "Default",
  "Mouse Reporting" : true,
  "Screen" : -1,
  "Selection Color" : {
    "Red Component" : 0.35686274509999999,
    "Color Space" : "sRGB",
    "Blue Component" : 0.36078431370000003,
    "Alpha Component" : 1,
    "Green Component" : 0.34901960780000002
  },
  "Columns" : 100,
  "Idle Code" : 0,
  "Ansi 13 Color" : {
    "Red Component" : 0.6705882353,
    "Color Space" : "sRGB",
    "Blue Component" : 0.94901960780000005,
    "Alpha Component" : 1,
    "Green Component" : 0.61568627450000002
  },
  "Custom Command" : "No",
  "ASCII Anti Aliased" : true,
  "Non Ascii Font" : "Monaco 12",
  "Vertical Spacing" : 1,
  "Use Bold Font" : true,
  "Option Key Sends" : 0,
  "Selected Text Color" : {
    "Red Component" : 0.98823529409999999,
    "Color Space" : "sRGB",
    "Blue Component" : 0.98039215690000003,
    "Alpha Component" : 1,
    "Green Component" : 0.98823529409999999
  },
  "Background Color" : {
    "Red Component" : 0.1764705882,
    "Color Space" : "sRGB",
    "Blue Component" : 0.18039215689999999,
    "Alpha Component" : 1,
    "Green Component" : 0.1647058824
  },
  "Character Encoding" : 4,
  "Ansi 11 Color" : {
    "Red Component" : 1,
    "Color Space" : "sRGB",
    "Blue Component" : 0.40000000000000002,
    "Alpha Component" : 1,
    "Green Component" : 0.84705882349999995
  },
  "Use Italic Font" : true,
  "Unlimited Scrollback" : true,
  "Keyboard Map" : {
    "0xf700-0x260000" : {
      "Text" : "[1;6A",
      "Action" : 10
    },
    "0x37-0x40000" : {
      "Text" : "0x1f",
      "Action" : 11
    },
    "0x32-0x40000" : {
      "Text" : "0x00",
      "Action" : 11
    },
    "0xf709-0x20000" : {
      "Text" : "[17;2~",
      "Action" : 10
    },
    "0xf70c-0x20000" : {
      "Text" : "[20;2~",
      "Action" : 10
    },
    "0xf729-0x20000" : {
      "Text" : "[1;2H",
      "Action" : 10
    },
    "0xf72b-0x40000" : {
      "Text" : "[1;5F",
      "Action" : 10
    },
    "0xf705-0x20000" : {
      "Text" : "[1;2Q",
      "Action" : 10
    },
    "0xf703-0x260000" : {
      "Text" : "[1;6C",
      "Action" : 10
    },
    "0xf700-0x220000" : {
      "Text" : "[1;2A",
      "Action" : 10
    },
    "0xf701-0x280000" : {
      "Text" : "0x1b 0x1b 0x5b 0x42",
      "Action" : 11
    },
    "0x38-0x40000" : {
      "Text" : "0x7f",
      "Action" : 11
    },
    "0x33-0x40000" : {
      "Text" : "0x1b",
      "Action" : 11
    },
    "0xf703-0x220000" : {
      "Text" : "[1;2C",
      "Action" : 10
    },
    "0xf701-0x240000" : {
      "Text" : "[1;5B",
      "Action" : 10
    },
    "0xf70d-0x20000" : {
      "Text" : "[21;2~",
      "Action" : 10
    },
    "0xf702-0x260000" : {
      "Text" : "[1;6D",
      "Action" : 10
    },
    "0xf729-0x40000" : {
      "Text" : "[1;5H",
      "Action" : 10
    },
    "0xf706-0x20000" : {
      "Text" : "[1;2R",
      "Action" : 10
    },
    "0x34-0x40000" : {
      "Text" : "0x1c",
      "Action" : 11
    },
    "0xf700-0x280000" : {
      "Text" : "0x1b 0x1b 0x5b 0x41",
      "Action" : 11
    },
    "0x2d-0x40000" : {
      "Text" : "0x1f",
      "Action" : 11
    },
    "0xf70e-0x20000" : {
      "Text" : "[23;2~",
      "Action" : 10
    },
    "0xf702-0x220000" : {
      "Text" : "[1;2D",
      "Action" : 10
    },
    "0xf703-0x280000" : {
      "Text" : "0x1b 0x1b 0x5b 0x43",
      "Action" : 11
    },
    "0xf700-0x240000" : {
      "Text" : "[1;5A",
      "Action" : 10
    },
    "0xf707-0x20000" : {
      "Text" : "[1;2S",
      "Action" : 10
    },
    "0xf70a-0x20000" : {
      "Text" : "[18;2~",
      "Action" : 10
    },
    "0x35-0x40000" : {
      "Text" : "0x1d",
      "Action" : 11
    },
    "0xf70f-0x20000" : {
      "Text" : "[24;2~",
      "Action" : 10
    },
    "0xf703-0x240000" : {
      "Text" : "[1;5C",
      "Action" : 10
    },
    "0xf701-0x260000" : {
      "Text" : "[1;6B",
      "Action" : 10
    },
    "0xf702-0x280000" : {
      "Text" : "0x1b 0x1b 0x5b 0x44",
      "Action" : 11
    },
    "0xf72b-0x20000" : {
      "Text" : "[1;2F",
      "Action" : 10
    },
    "0x36-0x40000" : {
      "Text" : "0x1e",
      "Action" : 11
    },
    "0xf708-0x20000" : {
      "Text" : "[15;2~",
      "Action" : 10
    },
    "0xf701-0x220000" : {
      "Text" : "[1;2B",
      "Action" : 10
    },
    "0xf70b-0x20000" : {
      "Text" : "[19;2~",
      "Action" : 10
    },
    "0xf702-0x240000" : {
      "Text" : "[1;5D",
      "Action" : 10
    },
    "0xf704-0x20000" : {
      "Text" : "[1;2P",
      "Action" : 10
    }
  },
  "Window Type" : 0,
  "Background Image Location" : "",
  "Blur" : false,
  "Badge Color" : {
    "Red Component" : 0.92929404973983765,
    "Color Space" : "P3",
    "Blue Component" : 0.13960540294647217,
    "Alpha Component" : 0.5,
    "Green Component" : 0.25479039549827576
  },
  "Scrollback Lines" : 0,
  "Send Code When Idle" : false,
  "Close Sessions On End" : true,
  "Terminal Type" : "xterm-256color",
  "Visual Bell" : true,
  "Flashing Bell" : false,
  "Silence Bell" : false,